A,B,C,D,E,F,G,H,C12,C24,C33,C35,C39
9387,1,9467,12,24,33,35,39,10,6,7,2,1
9386,2,9466,4,19,27,37,39,24,19,15,6,2
9385,3,9465,14,17,19,35,39,31,26,34,11,6
9384,4,9464,4,13,18,20,32,35,34,45,22,29
9383,5,9463,6,8,9,25,30,36,37,48,26,30
9382,6,9462,9,17,22,29,32,37,39,57,39,39
9381,7,9461,2,20,24,35,39,38,40,77,83,42
9380,8,9460,10,14,17,23,33,47,72,90,104,49
9379,9,9459,5,13,14,18,22,55,82,99,112,50
9378,10,9458,19,28,30,32,37,77,84,113,113,51
9377,11,9457,1,12,15,22,27,78,85,116,116,79
9376,12,9456,4,15,17,30,35,95,93,125,119,82
9375,13,9455,1,2,17,20,25,97,101,135,121,83
9374,14,9454,9,11,13,21,32,110,107,142,145,89
9373,15,9453,2,8,9,20,25,110,109,150,147,95
9372,16,9452,9,20,26,28,33,114,112,154,148,106
9371,17,9451,9,13,21,22,31,114,121,159,155,107
9370,18,9450,7,13,17,26,34,134,132,162,160,108
9369,19,9449,1,3,13,27,29,141,162,165,169,118
9368,20,9448,2,15,19,24,38,144,171,180,180,122
9367,21,9447,1,5,17,22,27,152,175,182,201,133
9366,22,9446,5,7,10,11,18,167,178,194,218,143
9365,23,9445,6,18,19,25,35,176,191,196,256,144
9364,24,9444,6,13,19,21,22,181,197,208,265,146
9363,25,9443,8,12,17,30,36,188,199,225,269,147
9362,26,9442,4,19,21,28,34,194,230,242,271,156
9361,27,9441,1,24,35,37,38,223,240,247,273,166
9360,28,9440,3,14,15,25,26,243,255,248,278,178
9359,29,9439,13,15,19,29,37,254,264,250,281,183
9358,30,9438,8,17,20,34,39,259,279,264,284,184
9357,31,9437,2,4,8,16,39,260,284,275,290,185
9356,32,9436,4,8,12,21,25,273,295,276,296,190
9355,33,9435,8,14,18,32,34,277,309,305,298,195
9354,34,9434,7,19,29,30,37,286,323,333,301,200
9353,35,9433,13,16,22,24,33,291,326,339,318,210
9352,36,9432,1,2,12,22,30,302,357,342,330,213
9351,37,9431,4,12,25,32,36,322,364,360,341,220
9350,38,9430,12,14,20,24,31,344,365,395,349,243
9349,39,9429,6,12,18,29,34,353,375,396,382,244
9348,40,9428,24,30,31,35,39,397,378,414,383,256
9347,41,9427,7,24,28,30,34,399,384,420,385,258
9346,42,9426,23,25,29,30,31,409,388,424,395,269
9345,43,9425,16,20,26,30,39,412,399,440,397,285
9344,44,9424,16,32,34,36,38,436,429,441,423,295
9343,45,9423,7,16,23,25,34,450,440,442,432,310
9342,46,9422,8,10,33,36,38,451,447,448,433,317
9341,47,9421,2,3,5,16,31,462,450,449,437,325
9340,48,9420,5,6,7,8,12,468,455,467,449,334
9339,49,9419,5,6,17,20,33,482,458,484,452,342
9338,50,9418,8,25,27,34,39,497,477,490,458,346
9337,51,9417,1,25,31,34,39,502,480,491,463,348
9336,52,9416,13,16,20,26,39,506,481,498,464,363
9335,53,9415,4,6,16,19,20,510,485,503,470,368
9334,54,9414,3,10,13,14,28,540,496,508,503,371
9333,55,9413,5,6,16,34,38,543,497,515,520,382
9332,56,9412,1,8,12,31,32,552,499,521,521,383
9331,57,9411,5,7,15,28,31,555,502,528,524,384
9330,58,9410,19,20,26,33,38,574,507,541,528,398
9329,59,9409,2,3,8,10,13,575,540,562,529,400
9328,60,9408,7,12,19,28,33,578,559,570,530,401
9327,61,9407,2,12,33,34,38,586,569,572,531,405
9326,62,9406,21,26,27,32,39,587,577,592,536,410
9325,63,9405,5,8,13,19,35,605,589,595,552,411
9324,64,9404,5,11,17,21,25,617,591,629,558,421
9323,65,9403,2,16,23,24,30,618,592,631,563,425
9322,66,9402,8,14,16,17,21,633,604,653,579,427
9321,67,9401,2,5,8,27,34,634,605,655,605,428
9320,68,9400,24,26,28,34,35,639,617,658,607,439
9319,69,9399,2,15,21,22,28,643,626,669,614,448
9318,70,9398,8,13,18,20,30,644,635,696,619,450
9317,71,9397,5,6,29,32,38,650,647,697,620,460
9316,72,9396,1,19,22,31,35,657,651,705,637,463
9315,73,9395,7,21,24,29,38,663,662,769,669,472
9314,74,9394,1,6,14,21,30,667,664,773,670,475
9313,75,9393,3,5,16,22,25,669,670,779,678,477
9312,76,9392,2,5,17,19,23,671,675,781,687,479
9311,77,9391,14,15,20,25,26,708,687,784,690,483
9310,78,9390,4,6,12,29,33,720,727,794,692,484
9309,79,9389,1,11,12,21,26,721,742,803,704,487
9308,80,9388,14,26,36,38,39,724,744,805,720,489
9307,81,9387,2,3,25,30,36,729,745,807,721,499
9306,82,9386,6,8,14,34,36,754,752,816,722,512
9305,83,9385,10,19,23,24,39,755,753,823,725,517
9304,84,9384,1,8,20,35,39,762,764,838,731,520
9303,85,9383,10,13,24,25,36,763,765,843,740,533
9302,86,9382,13,16,21,24,37,770,776,844,760,551
9301,87,9381,13,18,23,30,37,779,784,845,762,574
9300,88,9380,8,18,22,23,25,785,795,850,769,587
9299,89,9379,13,18,19,22,37,802,802,876,772,589
9298,90,9378,8,15,30,31,39,804,804,880,782,598
9297,91,9377,2,3,22,27,33,807,810,886,783,606
9296,92,9376,6,9,17,22,29,816,816,896,790,615
9295,93,9375,4,13,17,19,22,824,819,905,800,622
9294,94,9374,13,24,30,32,37,837,820,912,822,629
9293,95,9373,3,22,28,32,36,840,828,913,835,630
9292,96,9372,11,12,21,29,39,846,829,914,842,634
9291,97,9371,3,4,10,26,27,852,832,915,846,644
9290,98,9370,5,12,26,34,36,853,849,927,854,653
9289,99,9369,6,7,15,17,37,860,857,933,857,669
9288,100,9368,4,13,16,30,33,864,865,937,863,681
9287,101,9367,6,9,20,26,30,867,870,943,867,689
9286,102,9366,2,11,20,21,24,868,871,954,868,694
9285,103,9365,6,14,15,23,32,871,925,956,875,700
9284,104,9364,3,13,14,32,36,872,934,957,889,701
9283,105,9363,17,29,30,35,37,888,949,960,903,718
9282,106,9362,7,11,16,22,34,894,990,982,905,739
9281,107,9361,10,11,22,28,39,895,996,983,940,752
9280,108,9360,1,22,24,26,39,909,997,991,948,760
9279,109,9359,4,23,28,34,39,916,1015,996,949,764
9278,110,9358,21,24,26,28,34,917,1020,998,953,780
9277,111,9357,6,12,14,22,30,923,1041,999,961,806
9276,112,9356,7,10,19,25,32,926,1043,1009,974,807
9275,113,9355,14,24,35,37,38,927,1057,1022,980,815
9274,114,9354,23,30,33,36,37,934,1062,1035,990,842
9273,115,9353,12,17,18,26,29,939,1068,1048,996,855
9272,116,9352,4,20,25,26,27,940,1074,1049,1006,863
9271,117,9351,10,15,33,36,37,948,1077,1055,1010,868
9270,118,9350,13,17,21,27,37,962,1081,1062,1011,882
9269,119,9349,5,13,15,16,39,983,1094,1072,1021,888
9268,120,9348,10,22,25,31,35,991,1100,1078,1034,898
9267,121,9347,3,5,7,15,23,993,1101,1083,1061,900
9266,122,9346,10,16,24,30,35,1008,1110,1087,1078,909
9265,123,9345,21,28,30,34,39,1009,1116,1088,1084,911
9264,124,9344,3,4,7,21,30,1011,1127,1102,1095,928
9263,125,9343,1,8,11,16,18,1012,1150,1112,1118,935
9262,126,9342,13,20,21,33,36,1017,1158,1128,1140,937
9261,127,9341,13,14,15,20,38,1028,1163,1135,1144,938
9260,128,9340,13,21,26,27,29,1030,1164,1144,1157,947
9259,129,9339,16,22,27,34,38,1033,1175,1183,1161,953
9258,130,9338,7,9,18,19,30,1069,1176,1198,1164,958
9257,131,9337,2,10,13,26,38,1081,1178,1211,1185,969
9256,132,9336,1,5,17,18,21,1082,1196,1216,1190,980
9255,133,9335,1,9,17,24,37,1088,1198,1228,1195,981
9254,134,9334,1,11,32,38,39,1100,1206,1232,1197,988
9253,135,9333,1,12,18,30,38,1104,1207,1237,1199,1001
9252,136,9332,4,5,13,18,33,1117,1222,1258,1202,1002
9251,137,9331,1,7,16,18,34,1121,1225,1260,1206,1004
9250,138,9330,1,3,11,19,26,1124,1226,1274,1215,1007
9249,139,9329,1,7,15,19,23,1133,1229,1279,1219,1021
9248,140,9328,3,4,7,8,36,1142,1239,1280,1221,1026
9247,141,9327,10,11,27,28,36,1149,1241,1289,1233,1043
9246,142,9326,2,4,11,12,32,1153,1252,1290,1238,1044
9245,143,9325,4,15,28,33,34,1154,1259,1293,1254,1046
9244,144,9324,9,11,18,25,39,1156,1263,1314,1255,1057
9243,145,9323,10,12,13,27,39,1159,1272,1320,1264,1065
9242,146,9322,16,17,25,35,37,1203,1280,1353,1269,1068
9241,147,9321,14,18,19,22,39,1205,1284,1355,1277,1074
9240,148,9320,13,31,35,37,39,1210,1299,1369,1316,1080
9239,149,9319,6,14,20,21,35,1219,1303,1371,1323,1096
9238,150,9318,4,9,18,22,30,1233,1307,1377,1324,1105
9237,151,9317,15,26,31,33,36,1242,1309,1379,1327,1108
9236,152,9316,1,5,8,14,20,1248,1311,1386,1329,1117
9235,153,9315,10,12,14,15,23,1253,1319,1404,1331,1133
9234,154,9314,2,18,19,29,32,1257,1331,1405,1334,1154
9233,155,9313,15,29,33,34,37,1277,1337,1418,1365,1158
9232,156,9312,21,29,35,36,37,1281,1338,1423,1373,1159
9231,157,9311,1,6,27,36,39,1283,1352,1425,1374,1160
9230,158,9310,3,4,7,21,30,1286,1356,1429,1375,1162
9229,159,9309,6,7,25,27,32,1290,1364,1445,1378,1167
9228,160,9308,5,11,23,33,37,1291,1371,1450,1386,1170
9227,161,9307,15,32,34,35,36,1299,1373,1459,1392,1173
9226,162,9306,13,21,22,30,37,1300,1391,1464,1431,1182
9225,163,9305,8,18,24,30,33,1323,1393,1489,1437,1211
9224,164,9304,15,20,21,26,29,1343,1396,1491,1447,1213
9223,165,9303,3,7,20,22,23,1354,1406,1493,1449,1237
9222,166,9302,2,16,27,30,33,1361,1412,1501,1456,1244
9221,167,9301,1,2,16,18,39,1362,1428,1503,1464,1247
9220,168,9300,9,12,19,22,27,1365,1455,1529,1477,1251
9219,169,9299,1,15,28,32,34,1366,1461,1544,1495,1272
9218,170,9298,2,9,22,27,35,1385,1465,1546,1498,1281
9217,171,9297,11,13,15,26,29,1389,1466,1558,1505,1288
9216,172,9296,8,18,22,24,26,1398,1480,1559,1507,1292
9215,173,9295,2,8,9,23,38,1404,1486,1601,1510,1294
9214,174,9294,1,13,21,26,29,1409,1493,1607,1514,1297
9213,175,9293,2,6,7,27,32,1420,1501,1622,1516,1307
9212,176,9292,18,23,24,31,34,1427,1515,1624,1517,1316
9211,177,9291,12,14,22,29,38,1429,1524,1629,1522,1328
9210,178,9290,20,22,28,34,37,1430,1536,1638,1531,1337
9209,179,9289,2,9,24,31,39,1433,1542,1640,1543,1340
9208,180,9288,5,6,15,17,26,1443,1568,1643,1544,1342
9207,181,9287,6,17,33,35,38,1447,1570,1645,1545,1348
9206,182,9286,3,12,26,31,37,1450,1578,1646,1550,1354
9205,183,9285,9,30,32,33,38,1454,1582,1647,1576,1355
9204,184,9284,2,3,6,27,39,1463,1589,1648,1577,1361
9203,185,9283,5,9,13,36,39,1466,1590,1655,1578,1365
9202,186,9282,18,20,28,30,39,1467,1612,1664,1588,1367
9201,187,9281,8,10,26,28,29,1468,1619,1670,1590,1369
9200,188,9280,1,2,28,37,38,1472,1631,1674,1593,1377
9199,189,9279,4,12,26,27,28,1477,1632,1691,1600,1384
9198,190,9278,1,5,6,9,16,1478,1637,1702,1607,1385
9197,191,9277,7,9,13,31,39,1490,1659,1710,1611,1388
9196,192,9276,1,9,16,24,34,1499,1667,1714,1617,1397
9195,193,9275,3,9,17,19,30,1503,1673,1718,1619,1399
9194,194,9274,1,9,10,17,26,1521,1683,1730,1621,1400
9193,195,9273,2,9,12,31,33,1525,1684,1754,1626,1403
9192,196,9272,8,21,28,32,39,1527,1695,1757,1629,1409
9191,197,9271,11,27,28,30,33,1528,1709,1767,1633,1414
9190,198,9270,13,24,26,30,38,1542,1731,1774,1635,1430
9189,199,9269,2,9,20,23,27,1547,1732,1782,1636,1437
9188,200,9268,8,10,14,24,36,1567,1738,1783,1637,1467
9187,201,9267,7,23,30,36,39,1579,1741,1785,1643,1473
9186,202,9266,8,20,22,28,35,1581,1747,1791,1645,1475
9185,203,9265,2,4,9,16,17,1596,1750,1805,1667,1481
9184,204,9264,9,11,15,18,20,1603,1751,1812,1688,1486
9183,205,9263,2,3,6,11,38,1614,1753,1823,1693,1490
9182,206,9262,1,3,9,17,18,1623,1755,1826,1700,1491
9181,207,9261,19,20,21,22,31,1625,1783,1834,1707,1492
9180,208,9260,3,8,16,29,30,1630,1792,1840,1714,1503
9179,209,9259,4,6,11,23,33,1638,1802,1841,1716,1506
9178,210,9258,16,27,28,32,36,1641,1829,1848,1720,1507
9177,211,9257,1,8,11,19,39,1642,1834,1856,1730,1508
9176,212,9256,6,14,15,16,30,1649,1847,1867,1737,1529
9175,213,9255,3,5,11,17,25,1651,1865,1868,1740,1530
9174,214,9254,1,6,18,38,39,1661,1869,1881,1746,1531
9173,215,9253,2,7,26,36,38,1672,1870,1891,1750,1540
9172,216,9252,11,28,29,32,36,1680,1872,1902,1755,1550
9171,217,9251,10,11,16,18,30,1685,1881,1903,1758,1559
9170,218,9250,1,5,19,21,26,1695,1887,1908,1761,1561
9169,219,9249,7,14,21,27,35,1696,1904,1933,1764,1564
9168,220,9248,2,18,26,32,34,1697,1907,1934,1769,1565
9167,221,9247,1,11,14,36,39,1700,1910,1936,1772,1572
9166,222,9246,4,8,9,22,27,1709,1914,1953,1773,1585
9165,223,9245,2,4,5,26,32,1710,1916,1962,1788,1594
9164,224,9244,10,12,26,30,32,1719,1918,1964,1789,1596
9163,225,9243,5,13,15,29,34,1722,1921,1973,1802,1597
9162,226,9242,19,21,22,29,33,1725,1927,1985,1813,1602
9161,227,9241,17,18,28,29,31,1728,1928,2001,1814,1604
9160,228,9240,6,14,19,20,32,1733,1929,2004,1821,1611
9159,229,9239,2,14,25,36,38,1740,1945,2015,1827,1613
9158,230,9238,17,28,31,37,38,1750,1947,2022,1828,1615
9157,231,9237,3,7,24,27,36,1772,1960,2031,1833,1618
9156,232,9236,1,3,9,14,15,1775,1968,2033,1857,1626
9155,233,9235,2,11,17,27,32,1794,1979,2034,1869,1627
9154,234,9234,6,7,14,29,38,1801,1984,2036,1881,1631
9153,235,9233,9,10,14,19,20,1814,1988,2039,1883,1639
9152,236,9232,1,3,13,27,37,1817,1993,2040,1890,1641
9151,237,9231,20,27,28,29,34,1829,1995,2046,1903,1647
9150,238,9230,4,10,11,16,23,1839,1996,2054,1908,1654
9149,239,9229,3,5,11,27,37,1844,2000,2055,1915,1657
9148,240,9228,3,11,14,15,16,1846,2009,2058,1923,1662
9147,241,9227,2,14,17,24,28,1859,2011,2071,1925,1681
9146,242,9226,7,9,14,18,37,1860,2035,2080,1927,1692
9145,243,9225,3,6,11,23,33,1864,2037,2083,1928,1716
9144,244,9224,12,17,29,30,39,1886,2038,2120,1929,1717
9143,245,9223,8,20,26,32,39,1887,2050,2147,1940,1726
9142,246,9222,5,10,14,34,38,1902,2075,2157,1942,1729
9141,247,9221,4,6,17,20,27,1911,2078,2158,1943,1744
9140,248,9220,15,16,31,33,34,1912,2082,2169,1945,1745
9139,249,9219,3,4,6,10,33,1915,2087,2179,1950,1755
9138,250,9218,1,9,22,27,37,1931,2088,2180,1951,1759
9137,251,9217,1,7,15,25,33,1942,2090,2182,1954,1761
9136,252,9216,3,17,18,25,26,1950,2096,2183,1959,1764
9135,253,9215,16,20,25,31,36,1951,2101,2190,1962,1769
9134,254,9214,14,18,27,34,36,1960,2125,2192,1966,1777
9133,255,9213,3,12,16,26,27,1962,2156,2196,1968,1779
9132,256,9212,7,13,24,30,38,1966,2160,2201,1969,1794
9131,257,9211,8,13,34,35,39,1972,2161,2208,1974,1815
9130,258,9210,1,5,9,25,37,1976,2162,2216,1977,1816
9129,259,9209,8,9,32,37,39,1977,2174,2217,1989,1825
9128,260,9208,1,8,12,23,25,1981,2184,2227,1991,1826
9127,261,9207,12,23,25,29,38,1986,2186,2238,1998,1830
9126,262,9206,10,19,22,27,29,2006,2198,2259,2012,1831
9125,263,9205,3,14,30,31,38,2014,2200,2260,2020,1834
9124,264,9204,1,2,19,21,29,2015,2204,2265,2021,1859
9123,265,9203,22,24,30,33,38,2031,2214,2283,2038,1867
9122,266,9202,3,7,9,32,35,2037,2219,2287,2042,1884
9121,267,9201,5,15,23,34,36,2041,2222,2293,2050,1918
9120,268,9200,6,7,9,14,20,2046,2223,2294,2051,1938
9119,269,9199,2,20,25,30,36,2048,2229,2300,2062,1949
9118,270,9198,23,34,35,38,39,2059,2238,2318,2066,1951
9117,271,9197,2,15,20,26,32,2063,2239,2328,2092,1958
9116,272,9196,7,8,23,35,37,2066,2241,2330,2094,1968
9115,273,9195,8,9,11,16,17,2086,2243,2353,2098,1971
9114,274,9194,12,17,28,31,35,2087,2249,2355,2100,1980
9113,275,9193,4,5,6,14,18,2088,2256,2356,2107,1990
9112,276,9192,10,21,25,33,36,2090,2258,2366,2111,1993
9111,277,9191,11,20,21,29,33,2100,2265,2370,2120,1995
9110,278,9190,10,12,14,16,19,2103,2268,2374,2131,2010
9109,279,9189,6,10,20,34,35,2105,2278,2375,2135,2013
9108,280,9188,5,7,17,24,30,2142,2295,2378,2157,2019
9107,281,9187,11,14,16,34,38,2143,2324,2399,2181,2020
9106,282,9186,8,25,30,35,36,2147,2327,2401,2182,2023
9105,283,9185,3,7,13,19,25,2158,2339,2406,2197,2049
9104,284,9184,8,23,26,30,32,2166,2340,2413,2212,2051
9103,285,9183,2,6,15,24,35,2180,2393,2415,2245,2055
9102,286,9182,14,16,25,27,39,2198,2397,2416,2254,2074
9101,287,9181,7,12,13,14,17,2202,2398,2426,2279,2082
9100,288,9180,1,14,17,36,38,2209,2411,2429,2289,2085
9099,289,9179,7,9,17,25,29,2218,2413,2441,2298,2086
9098,290,9178,2,5,18,23,34,2225,2414,2454,2300,2095
9097,291,9177,6,23,27,28,35,2238,2425,2462,2312,2136
9096,292,9176,5,10,12,31,32,2245,2436,2467,2320,2138
9095,293,9175,2,4,11,15,31,2251,2442,2468,2325,2141
9094,294,9174,3,5,6,7,25,2254,2446,2473,2335,2147
9093,295,9173,1,4,18,28,32,2255,2448,2477,2355,2152
9092,296,9172,18,24,26,31,39,2256,2449,2492,2363,2153
9091,297,9171,2,20,31,35,38,2258,2453,2498,2366,2159
9090,298,9170,8,13,17,18,34,2273,2456,2501,2386,2161
9089,299,9169,1,18,22,35,36,2274,2465,2510,2387,2162
9088,300,9168,1,20,25,27,32,2275,2474,2516,2388,2166
9087,301,9167,1,4,8,17,28,2276,2485,2520,2394,2168
9086,302,9166,1,16,20,25,35,2282,2489,2524,2405,2177
9085,303,9165,1,12,14,17,34,2285,2492,2528,2407,2185
9084,304,9164,5,9,14,19,28,2292,2497,2541,2412,2188
9083,305,9163,4,11,13,21,25,2293,2504,2544,2416,2217
9082,306,9162,26,28,30,33,34,2295,2506,2546,2417,2219
9081,307,9161,1,2,11,36,38,2296,2507,2556,2419,2230
9080,308,9160,18,20,25,36,37,2316,2513,2562,2428,2246
9079,309,9159,4,5,9,29,34,2323,2519,2566,2434,2250
9078,310,9158,2,16,24,27,38,2327,2524,2569,2437,2262
9077,311,9157,23,29,31,38,39,2343,2525,2574,2449,2263
9076,312,9156,1,4,19,21,32,2352,2529,2577,2450,2268
9075,313,9155,6,13,21,23,26,2355,2530,2584,2457,2280
9074,314,9154,10,13,22,30,31,2358,2541,2589,2462,2288
9073,315,9153,10,21,29,31,37,2366,2573,2595,2465,2296
9072,316,9152,5,13,28,31,37,2368,2578,2596,2466,2301
9071,317,9151,18,19,22,25,27,2370,2590,2607,2479,2303
9070,318,9150,6,15,16,22,39,2382,2592,2608,2481,2306
9069,319,9149,3,10,15,17,35,2389,2593,2613,2485,2307
9068,320,9148,7,11,13,20,22,2397,2600,2620,2489,2310
9067,321,9147,9,16,27,34,38,2399,2607,2622,2490,2311
9066,322,9146,3,5,21,26,31,2419,2614,2634,2493,2329
9065,323,9145,7,9,12,25,38,2433,2615,2635,2504,2337
9064,324,9144,6,15,16,24,38,2439,2627,2659,2509,2352
9063,325,9143,1,4,6,14,22,2441,2630,2670,2517,2362
9062,326,9142,4,7,8,31,39,2473,2633,2671,2519,2364
9061,327,9141,7,13,15,24,29,2474,2640,2680,2550,2378
9060,328,9140,2,5,15,19,26,2485,2641,2683,2552,2382
9059,329,9139,15,17,21,25,29,2495,2644,2687,2570,2384
9058,330,9138,10,13,17,22,38,2501,2663,2698,2572,2385
9057,331,9137,1,6,8,25,35,2509,2668,2709,2573,2395
9056,332,9136,1,4,14,25,27,2516,2674,2731,2576,2400
9055,333,9135,18,23,30,34,36,2527,2675,2735,2580,2403
9054,334,9134,9,29,30,33,38,2529,2678,2736,2591,2408
9053,335,9133,5,15,27,30,39,2559,2686,2742,2598,2411
9052,336,9132,6,10,11,21,34,2572,2703,2758,2601,2426
9051,337,9131,4,5,21,37,38,2583,2707,2760,2611,2428
9050,338,9130,1,2,8,16,29,2623,2708,2764,2632,2444
9049,339,9129,1,14,28,29,36,2626,2711,2778,2648,2445
9048,340,9128,8,23,26,31,33,2632,2712,2785,2659,2470
9047,341,9127,1,2,17,23,34,2642,2719,2787,2661,2471
9046,342,9126,2,8,15,35,38,2651,2722,2790,2666,2475
9045,343,9125,1,18,20,33,39,2657,2727,2798,2669,2478
9044,344,9124,5,16,17,21,26,2683,2732,2801,2670,2550
9043,345,9123,2,12,18,21,31,2702,2744,2804,2675,2562
9042,346,9122,2,4,7,17,28,2713,2750,2809,2696,2565
9041,347,9121,6,23,30,31,39,2714,2751,2811,2715,2568
9040,348,9120,9,10,11,18,37,2736,2762,2816,2722,2578
9039,349,9119,3,17,20,23,39,2749,2774,2818,2723,2583
9038,350,9118,17,23,25,30,35,2752,2786,2848,2724,2598
9037,351,9117,1,11,13,17,19,2758,2789,2859,2733,2600
9036,352,9116,3,20,25,31,37,2760,2793,2864,2734,2604
9035,353,9115,4,8,10,19,23,2761,2797,2875,2740,2605
9034,354,9114,2,5,12,18,26,2765,2800,2901,2749,2610
9033,355,9113,5,7,25,28,36,2781,2801,2907,2754,2613
9032,356,9112,4,7,11,20,38,2785,2803,2912,2755,2616
9031,357,9111,2,10,21,22,29,2802,2809,2939,2777,2626
9030,358,9110,1,4,13,24,36,2808,2810,2944,2782,2633
9029,359,9109,1,6,17,34,36,2809,2811,2949,2784,2676
9028,360,9108,9,11,15,16,38,2815,2825,2961,2790,2683
9027,361,9107,9,11,19,22,33,2827,2829,2971,2800,2688
9026,362,9106,1,5,6,30,36,2832,2834,2973,2804,2690
9025,363,9105,7,8,17,28,34,2840,2839,2977,2816,2694
9024,364,9104,14,20,28,34,39,2841,2850,2980,2831,2699
9023,365,9103,3,16,18,24,30,2844,2854,2993,2857,2701
9022,366,9102,5,24,25,29,38,2872,2855,2999,2865,2703
9021,367,9101,3,22,27,28,37,2873,2856,3007,2872,2707
9020,368,9100,2,13,20,22,23,2880,2874,3021,2894,2714
9019,369,9099,4,10,14,22,39,2882,2875,3024,2908,2726
9018,370,9098,11,18,22,28,36,2896,2877,3025,2946,2729
9017,371,9097,5,8,10,25,27,2899,2890,3031,2949,2757
9016,372,9096,1,2,4,36,39,2908,2893,3035,2955,2761
9015,373,9095,3,6,28,30,32,2916,2903,3037,2966,2774
9014,374,9094,3,4,6,13,29,2917,2906,3044,2980,2775
9013,375,9093,1,7,11,15,18,2929,2907,3047,2991,2781
9012,376,9092,2,11,24,30,38,2940,2917,3051,2998,2796
9011,377,9091,2,5,9,11,14,2951,2926,3069,3006,2804
9010,378,9090,5,7,19,30,31,2961,2927,3083,3014,2806
9009,379,9089,7,13,19,21,24,2962,2930,3085,3024,2813
9008,380,9088,1,4,5,18,22,2968,2937,3120,3029,2814
9007,381,9087,7,14,22,27,29,2973,2940,3142,3040,2816
9006,382,9086,8,9,16,25,27,2984,2957,3144,3052,2826
9005,383,9085,4,19,25,35,39,2989,2959,3174,3058,2860
9004,384,9084,7,8,28,35,39,3012,2970,3175,3062,2873
9003,385,9083,5,10,17,24,39,3016,2972,3190,3063,2883
9002,386,9082,9,20,22,29,35,3030,2974,3201,3065,2884
9001,387,9081,2,5,6,9,32,3046,2978,3209,3074,2887
9000,388,9080,2,11,13,17,27,3050,2986,3218,3088,2888
8999,389,9079,1,7,9,21,24,3053,2998,3221,3108,2889
8998,390,9078,5,10,16,23,36,3054,3005,3229,3109,2892
8997,391,9077,7,10,14,25,28,3066,3011,3239,3118,2893
8996,392,9076,15,28,31,34,38,3070,3013,3255,3126,2904
8995,393,9075,9,14,30,31,37,3073,3021,3263,3134,2911
8994,394,9074,3,7,22,28,29,3080,3031,3265,3146,2915
8993,395,9073,5,9,14,20,38,3083,3035,3272,3154,2920
8992,396,9072,10,21,27,33,35,3087,3045,3278,3164,2921
8991,397,9071,4,6,26,33,34,3140,3049,3288,3165,2923
8990,398,9070,2,11,12,32,35,3141,3053,3294,3171,2956
8989,399,9069,1,7,20,34,39,3150,3066,3298,3172,2959
8988,400,9068,2,5,12,23,24,3155,3084,3302,3173,2971
8987,401,9067,10,15,20,25,39,3159,3105,3310,3185,2988
8986,402,9066,11,13,22,38,39,3161,3108,3313,3191,2996
8985,403,9065,9,10,18,29,36,3163,3112,3321,3196,2997
8984,404,9064,2,3,5,26,37,3174,3128,3325,3199,3002
8983,405,9063,9,16,22,29,36,3182,3131,3336,3201,3004
8982,406,9062,2,5,10,21,39,3186,3136,3342,3229,3005
8981,407,9061,4,6,7,30,31,3187,3140,3353,3244,3014
8980,408,9060,7,25,31,36,38,3188,3141,3355,3246,3020
8979,409,9059,9,10,13,16,34,3189,3143,3358,3287,3022
8978,410,9058,10,12,23,32,34,3198,3151,3365,3296,3032
8977,411,9057,5,22,31,36,39,3209,3152,3382,3303,3035
8976,412,9056,2,10,21,32,39,3211,3157,3395,3306,3038
8975,413,9055,3,11,12,20,23,3216,3165,3398,3309,3044
8974,414,9054,16,22,23,26,31,3227,3196,3401,3340,3056
8973,415,9053,9,25,26,33,38,3228,3209,3418,3346,3064
8972,416,9052,7,13,18,27,30,3236,3212,3430,3359,3067
8971,417,9051,4,11,20,32,34,3255,3224,3433,3366,3073
8970,418,9050,1,8,9,14,32,3270,3241,3440,3375,3074
8969,419,9049,1,5,6,27,37,3274,3249,3445,3378,3076
8968,420,9048,4,5,14,18,26,3282,3252,3454,3386,3085
8967,421,9047,7,10,11,30,33,3284,3257,3461,3402,3086
8966,422,9046,4,5,8,31,39,3291,3270,3462,3405,3089
8965,423,9045,1,8,11,21,22,3294,3274,3465,3415,3093
8964,424,9044,3,5,20,21,35,3306,3289,3503,3416,3094
8963,425,9043,1,13,21,31,33,3316,3295,3508,3417,3099
8962,426,9042,5,27,36,38,39,3319,3300,3516,3422,3105
8961,427,9041,3,6,8,30,38,3321,3302,3517,3428,3107
8960,428,9040,8,18,19,26,39,3327,3327,3522,3430,3111
8959,429,9039,11,29,32,38,39,3329,3333,3523,3435,3114
8958,430,9038,6,14,15,24,37,3331,3352,3540,3447,3117
8957,431,9037,5,22,28,32,34,3355,3353,3543,3449,3121
8956,432,9036,15,20,24,25,28,3359,3364,3544,3456,3135
8955,433,9035,6,10,15,21,35,3360,3368,3558,3462,3138
8954,434,9034,2,10,15,31,35,3380,3370,3570,3467,3144
8953,435,9033,3,8,10,11,25,3405,3375,3578,3475,3154
8952,436,9032,15,19,30,32,37,3406,3376,3585,3478,3161
8951,437,9031,12,19,21,30,36,3411,3380,3617,3484,3175
8950,438,9030,4,13,15,21,35,3418,3385,3626,3495,3181
8949,439,9029,13,18,23,27,38,3423,3388,3650,3497,3188
8948,440,9028,8,10,20,29,39,3428,3394,3664,3499,3197
8947,441,9027,11,19,24,33,38,3434,3409,3671,3507,3204
8946,442,9026,22,23,25,33,37,3447,3414,3687,3522,3213
8945,443,9025,2,5,13,26,33,3460,3417,3702,3533,3219
8944,444,9024,1,6,9,27,28,3470,3431,3717,3536,3233
8943,445,9023,6,10,20,30,38,3471,3432,3722,3539,3237
8942,446,9022,8,11,26,29,32,3474,3438,3728,3541,3238
8941,447,9021,10,18,22,25,28,3476,3439,3733,3550,3246
8940,448,9020,10,16,23,24,29,3488,3443,3735,3555,3257
8939,449,9019,13,16,20,33,39,3499,3448,3745,3562,3265
8938,450,9018,2,13,19,33,35,3502,3460,3747,3571,3272
8937,451,9017,12,15,24,37,39,3507,3475,3763,3575,3276
8936,452,9016,8,12,22,31,34,3517,3479,3772,3585,3280
8935,453,9015,2,7,14,31,35,3518,3480,3773,3591,3281
8934,454,9014,1,11,22,26,37,3534,3491,3797,3592,3283
8933,455,9013,1,7,27,32,37,3537,3501,3799,3621,3298
8932,456,9012,11,15,16,18,24,3543,3506,3805,3641,3307
8931,457,9011,1,4,6,19,34,3550,3521,3806,3663,3309
8930,458,9010,6,10,15,17,25,3556,3531,3815,3677,3316
8929,459,9009,3,9,24,27,35,3560,3532,3817,3684,3318
8928,460,9008,6,11,14,26,36,3588,3536,3830,3685,3347
8927,461,9007,5,8,10,29,39,3602,3542,3834,3693,3352
8926,462,9006,3,6,11,32,37,3615,3563,3837,3695,3375
8925,463,9005,11,12,25,27,36,3620,3568,3843,3710,3377
8924,464,9004,1,14,32,35,39,3621,3578,3855,3721,3380
8923,465,9003,5,6,34,35,37,3626,3581,3871,3722,3384
8922,466,9002,7,11,27,28,36,3643,3582,3873,3735,3397
8921,467,9001,3,8,14,21,36,3667,3592,3876,3739,3404
8920,468,9000,13,16,20,33,37,3683,3618,3901,3768,3405
8919,469,8999,2,9,10,12,18,3693,3621,3904,3777,3413
8918,470,8998,5,13,27,28,32,3695,3630,3908,3788,3420
8917,471,8997,6,10,12,15,35,3708,3633,3926,3789,3422
8916,472,8996,4,7,9,14,23,3722,3642,3929,3791,3434
8915,473,8995,2,5,16,32,39,3726,3659,3946,3807,3436
8914,474,8994,4,18,30,32,36,3740,3669,3953,3811,3440
8913,475,8993,4,5,9,10,28,3745,3673,3969,3816,3457
8912,476,8992,4,5,22,23,39,3748,3681,3979,3829,3459
8911,477,8991,11,16,17,19,23,3760,3688,3986,3844,3479
8910,478,8990,6,17,24,34,39,3792,3691,3992,3861,3485
8909,479,8989,2,14,22,28,29,3798,3696,3997,3868,3486
8908,480,8988,4,7,32,34,39,3799,3699,4001,3870,3490
8907,481,8987,3,14,16,17,24,3800,3709,4007,3871,3505
8906,482,8986,9,10,13,16,24,3803,3714,4013,3874,3507
8905,483,8985,1,9,12,21,36,3806,3721,4026,3890,3508
8904,484,8984,18,27,28,30,39,3809,3738,4035,3916,3509
8903,485,8983,6,22,33,38,39,3816,3749,4041,3918,3520
8902,486,8982,1,17,24,26,38,3819,3767,4056,3922,3528
8901,487,8981,4,6,15,21,23,3828,3773,4067,3929,3540
8900,488,8980,15,27,36,38,39,3829,3796,4069,3937,3547
8899,489,8979,4,6,10,15,29,3836,3802,4085,3939,3550
8898,490,8978,9,16,26,29,39,3839,3816,4088,3942,3557
8897,491,8977,2,10,11,32,33,3855,3823,4102,3945,3559
8896,492,8976,3,7,8,31,33,3859,3826,4105,3946,3566
8895,493,8975,9,13,26,31,34,3864,3828,4110,3954,3573
8894,494,8974,25,32,36,37,38,3881,3832,4111,3960,3582
8893,495,8973,20,26,28,32,36,3896,3833,4113,3970,3595
8892,496,8972,5,10,22,31,32,3915,3836,4114,3973,3596
8891,497,8971,8,22,24,26,29,3916,3855,4117,3974,3599
8890,498,8970,3,8,12,16,24,3930,3861,4132,3990,3605
8889,499,8969,13,20,23,33,37,3931,3865,4147,3996,3613
8888,500,8968,24,28,37,38,39,3932,3872,4149,4003,3615
8887,501,8967,1,9,10,23,28,3935,3877,4155,4015,3627
8886,502,8966,3,8,11,14,28,3942,3917,4170,4022,3635
8885,503,8965,12,23,24,28,37,3958,3924,4171,4025,3637
8884,504,8964,10,15,31,33,35,3969,3925,4172,4029,3638
8883,505,8963,3,15,20,27,31,3970,3926,4189,4031,3641
8882,506,8962,1,10,32,34,36,3973,3930,4190,4044,3662
8881,507,8961,7,12,21,22,29,3985,3931,4196,4048,3670
8880,508,8960,8,18,23,24,27,3987,3947,4200,4055,3673
8879,509,8959,22,30,33,36,37,4004,3962,4201,4074,3698
8878,510,8958,4,7,14,30,38,4014,3966,4209,4077,3710
8877,511,8957,2,12,16,18,30,4027,3972,4233,4078,3724
8876,512,8956,9,11,17,21,27,4029,4001,4236,4113,3729
8875,513,8955,5,6,11,13,39,4032,4023,4253,4124,3731
8874,514,8954,6,7,13,29,37,4037,4031,4269,4127,3745
8873,515,8953,14,17,19,34,37,4065,4043,4271,4131,3760
8872,516,8952,14,15,31,33,38,4067,4050,4277,4138,3761
8871,517,8951,18,21,23,25,34,4078,4054,4297,4143,3763
8870,518,8950,18,27,30,32,39,4080,4061,4304,4156,3774
8869,519,8949,4,14,17,19,25,4087,4064,4314,4158,3793
8868,520,8948,2,23,31,32,34,4100,4065,4319,4165,3838
8867,521,8947,7,20,23,35,39,4117,4078,4325,4190,3841
8866,522,8946,3,25,26,33,35,4123,4079,4328,4191,3848
8865,523,8945,5,7,26,29,30,4125,4081,4357,4192,3858
8864,524,8944,8,16,25,28,30,4126,4082,4358,4213,3863
8863,525,8943,18,26,30,34,35,4128,4084,4372,4215,3872
8862,526,8942,6,8,13,17,25,4143,4108,4389,4229,3892
8861,527,8941,4,11,18,25,28,4147,4112,4392,4247,3896
8860,528,8940,5,9,13,16,37,4149,4114,4397,4252,3924
8859,529,8939,20,28,33,35,36,4152,4115,4418,4253,3933
8858,530,8938,3,15,23,30,35,4192,4120,4422,4256,3939
8857,531,8937,5,18,23,32,35,4208,4125,4428,4260,3942
8856,532,8936,9,11,14,23,35,4217,4129,4429,4273,3963
8855,533,8935,6,16,22,26,27,4237,4144,4434,4276,3967
8854,534,8934,8,14,19,31,39,4240,4156,4450,4277,4018
8853,535,8933,2,7,10,36,39,4247,4172,4454,4293,4022
8852,536,8932,3,26,28,30,31,4263,4174,4460,4305,4025
8851,537,8931,8,11,14,17,35,4268,4175,4468,4329,4029
8850,538,8930,11,13,22,27,39,4270,4179,4470,4331,4038
8849,539,8929,2,7,17,19,36,4279,4180,4510,4332,4046
8848,540,8928,7,10,13,20,21,4293,4189,4520,4336,4052
8847,541,8927,10,12,16,17,24,4303,4196,4526,4338,4053
8846,542,8926,1,17,18,32,33,4304,4201,4530,4340,4066
8845,543,8925,1,2,6,10,15,4322,4213,4559,4341,4075
8844,544,8924,6,12,18,27,29,4323,4218,4562,4351,4083
8843,545,8923,3,17,21,26,27,4330,4219,4566,4358,4084
8842,546,8922,3,13,18,29,36,4333,4221,4573,4363,4098
8841,547,8921,6,9,28,30,34,4336,4223,4579,4364,4106
8840,548,8920,4,5,11,14,34,4353,4229,4591,4366,4124
8839,549,8919,11,20,21,22,25,4355,4231,4600,4372,4128
8838,550,8918,6,7,14,19,37,4359,4233,4603,4388,4149
8837,551,8917,3,19,27,28,32,4360,4238,4611,4393,4155
8836,552,8916,11,19,22,23,39,4363,4239,4616,4405,4159
8835,553,8915,1,8,12,28,35,4371,4285,4624,4406,4162
8834,554,8914,1,9,14,28,32,4372,4286,4630,4407,4176
8833,555,8913,5,7,14,29,34,4375,4288,4635,4415,4177
8832,556,8912,10,12,15,25,30,4377,4308,4641,4421,4185
8831,557,8911,2,5,8,10,26,4380,4311,4654,4433,4189
8830,558,8910,4,18,19,21,31,4390,4320,4662,4455,4192
8829,559,8909,1,28,30,34,35,4411,4324,4687,4459,4196
8828,560,8908,3,4,22,23,24,4426,4329,4695,4464,4205
8827,561,8907,1,3,9,14,30,4457,4350,4698,4466,4208
8826,562,8906,3,7,8,14,19,4464,4353,4704,4481,4211
8825,563,8905,8,10,19,29,33,4470,4364,4706,4499,4219
8824,564,8904,15,19,28,31,35,4474,4367,4717,4507,4225
8823,565,8903,15,25,29,31,36,4480,4369,4722,4514,4229
8822,566,8902,9,13,23,27,29,4483,4381,4723,4517,4237
8821,567,8901,6,14,17,19,26,4493,4383,4760,4531,4239
8820,568,8900,6,10,14,28,29,4494,4400,4767,4555,4246
8819,569,8899,5,11,16,23,32,4501,4412,4792,4557,4250
8818,570,8898,1,14,18,24,27,4514,4423,4805,4582,4254
8817,571,8897,2,18,26,33,38,4516,4446,4810,4616,4265
8816,572,8896,10,14,22,27,30,4523,4452,4822,4626,4275
8815,573,8895,17,21,28,30,33,4528,4491,4823,4627,4280
8814,574,8894,6,16,27,30,31,4552,4505,4834,4637,4288
8813,575,8893,7,11,12,27,39,4563,4509,4841,4644,4302
8812,576,8892,5,9,12,22,25,4565,4513,4848,4661,4306
8811,577,8891,11,18,22,29,34,4574,4519,4852,4663,4331
8810,578,8890,2,10,13,24,27,4575,4523,4854,4667,4334
8809,579,8889,6,12,17,34,36,4578,4525,4856,4668,4343
8808,580,8888,5,18,23,31,35,4588,4529,4882,4673,4350
8807,581,8887,4,15,21,22,31,4599,4534,4893,4681,4356
8806,582,8886,9,22,23,26,31,4609,4538,4896,4689,4363
8805,583,8885,6,8,11,30,37,4610,4541,4907,4696,4364
8804,584,8884,11,15,20,26,31,4613,4544,4913,4704,4365
8803,585,8883,4,9,27,29,37,4619,4558,4918,4706,4382
8802,586,8882,6,16,22,31,36,4620,4575,4920,4709,4395
8801,587,8881,4,12,13,15,36,4626,4581,4930,4710,4401
8800,588,8880,1,12,13,35,39,4635,4582,4958,4716,4409
8799,589,8879,8,17,27,29,32,4642,4595,4970,4718,4416
8798,590,8878,17,24,31,34,39,4664,4603,4982,4758,4436
8797,591,8877,2,6,11,14,15,4672,4624,5018,4767,4439
8796,592,8876,15,16,21,24,36,4684,4629,5022,4770,4440
8795,593,8875,8,14,24,28,33,4686,4634,5026,4802,4445
8794,594,8874,1,16,20,23,27,4700,4644,5031,4817,4451
8793,595,8873,7,19,27,31,36,4702,4645,5034,4837,4453
8792,596,8872,25,28,33,34,36,4712,4647,5036,4840,4458
8791,597,8871,1,2,21,22,25,4724,4650,5044,4845,4463
8790,598,8870,3,7,17,21,35,4735,4664,5054,4851,4479
8789,599,8869,19,21,26,28,39,4736,4672,5057,4869,4506
8788,600,8868,18,30,31,32,38,4742,4682,5059,4871,4516
8787,601,8867,7,11,20,32,36,4745,4690,5061,4874,4539
8786,602,8866,2,8,18,21,27,4748,4697,5077,4880,4542
8785,603,8865,23,26,29,30,38,4758,4721,5084,4898,4544
8784,604,8864,1,5,7,20,25,4766,4733,5105,4900,4556
8783,605,8863,3,10,23,24,34,4774,4738,5106,4902,4559
8782,606,8862,9,11,12,24,35,4775,4754,5111,4905,4568
8781,607,8861,9,10,11,34,39,4783,4755,5115,4912,4577
8780,608,8860,5,18,35,37,38,4785,4784,5117,4930,4593
8779,609,8859,1,15,16,29,36,4799,4791,5124,4931,4600
8778,610,8858,2,5,6,23,26,4803,4794,5135,4942,4612
8777,611,8857,13,25,29,31,37,4804,4804,5136,4953,4627
8776,612,8856,1,10,11,16,38,4809,4807,5142,4956,4637
8775,613,8855,2,8,11,16,21,4821,4811,5174,4960,4642
8774,614,8854,1,5,7,14,28,4835,4815,5185,4963,4643
8773,615,8853,23,25,26,34,35,4839,4822,5195,4972,4646
8772,616,8852,13,21,26,37,39,4842,4829,5202,4979,4658
8771,617,8851,4,11,15,19,27,4843,4831,5208,4980,4674
8770,618,8850,8,12,23,24,30,4845,4834,5210,4983,4681
8769,619,8849,12,16,20,25,37,4853,4840,5218,4987,4685
8768,620,8848,6,11,18,35,36,4860,4846,5220,4996,4690
8767,621,8847,1,5,14,32,35,4889,4863,5222,4999,4691
8766,622,8846,10,19,21,32,36,4892,4877,5239,5004,4694
8765,623,8845,8,17,20,21,39,4899,4878,5246,5026,4697
8764,624,8844,2,5,7,21,26,4916,4882,5249,5039,4707
8763,625,8843,2,10,15,22,37,4918,4887,5253,5041,4712
8762,626,8842,1,5,6,30,32,4927,4901,5254,5044,4721
8761,627,8841,6,10,18,23,24,4930,4903,5267,5047,4722
8760,628,8840,6,7,15,16,19,4939,4909,5274,5050,4732
8759,629,8839,3,9,11,36,37,4954,4917,5290,5053,4736
8758,630,8838,2,5,32,33,39,4958,4926,5296,5054,4737
8757,631,8837,9,21,22,27,39,4963,4968,5302,5060,4744
8756,632,8836,14,18,19,33,37,4967,4971,5304,5064,4781
8755,633,8835,13,23,25,31,37,4975,4978,5311,5070,4802
8754,634,8834,1,4,12,30,31,4977,4988,5326,5081,4805
8753,635,8833,5,12,22,29,39,4983,4990,5327,5094,4826
8752,636,8832,6,13,18,24,26,4994,5008,5330,5122,4831
8751,637,8831,1,5,22,32,37,4998,5010,5331,5125,4838
8750,638,8830,13,18,23,35,36,5008,5011,5391,5130,4848
8749,639,8829,1,9,17,22,30,5011,5028,5400,5143,4858
8748,640,8828,6,8,12,20,26,5022,5030,5403,5147,4859
8747,641,8827,6,18,27,31,38,5023,5032,5414,5153,4868
8746,642,8826,11,14,22,29,36,5027,5035,5425,5161,4888
8745,643,8825,8,15,22,26,29,5039,5048,5433,5163,4894
8744,644,8824,5,12,15,29,37,5043,5055,5447,5173,4895
8743,645,8823,7,9,11,12,39,5045,5065,5451,5186,4903
8742,646,8822,7,8,23,28,30,5046,5077,5457,5187,4915
8741,647,8821,1,16,27,28,31,5050,5103,5461,5188,4936
8740,648,8820,3,21,24,36,37,5055,5114,5467,5189,4937
8739,649,8819,5,8,21,27,34,5060,5133,5471,5194,4953
8738,650,8818,4,14,18,21,30,5061,5141,5479,5198,4957
8737,651,8817,4,10,12,13,15,5086,5148,5480,5202,4961
8736,652,8816,2,4,24,27,30,5098,5150,5494,5203,4964
8735,653,8815,3,29,36,37,38,5110,5157,5495,5206,4965
8734,654,8814,3,5,16,33,39,5114,5158,5498,5207,4985
8733,655,8813,5,11,23,30,31,5115,5169,5512,5215,4992
8732,656,8812,5,16,33,34,38,5120,5177,5527,5239,5036
8731,657,8811,8,20,22,23,34,5126,5183,5565,5243,5055
8730,658,8810,4,7,12,34,36,5148,5189,5570,5244,5063
8729,659,8809,13,17,23,26,33,5160,5192,5585,5257,5065
8728,660,8808,3,4,6,26,29,5164,5193,5590,5259,5074
8727,661,8807,5,8,17,21,29,5170,5196,5607,5263,5075
8726,662,8806,1,6,23,26,28,5171,5197,5614,5267,5089
8725,663,8805,1,18,20,24,26,5176,5204,5617,5269,5091
8724,664,8804,11,12,16,18,20,5181,5210,5619,5283,5097
8723,665,8803,6,9,13,24,38,5187,5213,5624,5324,5101
8722,666,8802,6,9,14,27,29,5191,5225,5629,5334,5105
8721,667,8801,19,21,30,31,32,5196,5227,5631,5342,5113
8720,668,8800,12,16,18,22,34,5199,5233,5634,5348,5127
8719,669,8799,6,11,19,36,37,5234,5240,5646,5349,5133
8718,670,8798,12,29,33,35,39,5252,5242,5652,5352,5136
8717,671,8797,3,11,19,24,35,5255,5249,5658,5368,5139
8716,672,8796,6,7,11,12,15,5258,5258,5660,5369,5140
8715,673,8795,3,11,16,22,34,5265,5270,5699,5379,5150
8714,674,8794,4,23,28,31,38,5288,5274,5701,5381,5160
8713,675,8793,4,10,25,31,38,5291,5276,5708,5383,5175
8712,676,8792,1,7,8,13,24,5311,5284,5712,5387,5190
8711,677,8791,1,4,9,25,27,5316,5293,5713,5401,5203
8710,678,8790,1,9,10,19,30,5323,5299,5718,5405,5230
8709,679,8789,2,11,16,35,37,5328,5305,5723,5410,5232
8708,680,8788,5,6,8,30,31,5335,5313,5725,5417,5235
8707,681,8787,11,16,21,28,34,5343,5314,5744,5420,5242
8706,682,8786,11,14,17,30,39,5344,5330,5748,5437,5243
8705,683,8785,5,22,25,36,38,5347,5331,5751,5446,5246
8704,684,8784,9,15,22,28,36,5364,5334,5755,5449,5247
8703,685,8783,20,21,23,25,31,5367,5352,5756,5457,5266
8702,686,8782,5,10,14,23,38,5369,5354,5761,5470,5275
8701,687,8781,4,5,21,22,36,5390,5355,5763,5476,5282
8700,688,8780,1,2,24,29,35,5393,5363,5766,5478,5291
8699,689,8779,3,6,15,19,31,5394,5365,5780,5490,5293
8698,690,8778,14,17,20,32,39,5405,5379,5781,5493,5311
8697,691,8777,1,5,28,35,38,5406,5386,5782,5503,5323
8696,692,8776,3,13,19,34,37,5407,5389,5785,5508,5328
8695,693,8775,13,21,32,35,36,5427,5395,5795,5530,5348
8694,694,8774,2,9,20,26,37,5444,5401,5826,5532,5356
8693,695,8773,15,30,34,37,39,5447,5402,5828,5538,5362
8692,696,8772,1,11,16,17,36,5453,5407,5834,5550,5366
8691,697,8771,9,17,20,27,33,5463,5413,5838,5551,5367
8690,698,8770,13,16,26,33,36,5465,5419,5845,5556,5373
8689,699,8769,15,22,26,30,38,5476,5420,5847,5565,5418
8688,700,8768,1,18,26,27,32,5482,5422,5855,5576,5423
8687,701,8767,7,15,22,30,39,5483,5426,5858,5578,5430
8686,702,8766,10,15,29,38,39,5492,5431,5862,5585,5436
8685,703,8765,1,3,11,22,37,5494,5441,5866,5597,5437
8684,704,8764,3,11,13,21,31,5497,5445,5881,5603,5438
8683,705,8763,15,25,30,32,35,5501,5452,5889,5606,5445
8682,706,8762,3,9,19,27,33,5511,5455,5895,5612,5447
8681,707,8761,3,5,15,18,32,5512,5460,5907,5622,5451
8680,708,8760,4,9,34,37,38,5513,5462,5922,5623,5466
8679,709,8759,3,10,11,12,17,5532,5469,5923,5628,5468
8678,710,8758,1,2,21,25,32,5540,5492,5928,5631,5469
8677,711,8757,2,19,22,30,38,5556,5495,5943,5643,5485
8676,712,8756,1,2,15,36,37,5561,5499,5947,5644,5487
8675,713,8755,7,11,12,26,28,5564,5504,5948,5646,5489
8674,714,8754,9,13,15,37,38,5582,5509,5954,5653,5504
8673,715,8753,4,26,28,35,37,5588,5534,5957,5654,5513
8672,716,8752,1,11,15,19,21,5599,5537,5959,5656,5516
8671,717,8751,6,11,15,31,35,5605,5542,5970,5661,5517
8670,718,8750,2,6,10,22,23,5612,5543,5973,5673,5526
8669,719,8749,4,13,22,28,39,5617,5549,5974,5675,5533
8668,720,8748,2,3,8,28,38,5618,5555,5985,5689,5537
8667,721,8747,1,12,20,25,34,5619,5558,5991,5697,5545
8666,722,8746,5,6,12,34,36,5634,5565,5995,5710,5548
8665,723,8745,23,25,27,34,37,5644,5573,6001,5715,5553
8664,724,8744,5,7,14,16,29,5647,5577,6002,5726,5557
8663,725,8743,4,5,12,15,28,5661,5592,6005,5744,5559
8662,726,8742,10,29,34,35,38,5666,5596,6020,5748,5560
8661,727,8741,1,6,13,17,31,5674,5599,6026,5771,5571
8660,728,8740,11,16,19,24,31,5688,5600,6028,5782,5574
8659,729,8739,9,16,17,20,30,5712,5627,6029,5798,5575
8658,730,8738,7,12,19,28,35,5725,5632,6036,5806,5584
8657,731,8737,2,3,13,16,23,5730,5635,6058,5810,5585
8656,732,8736,1,21,26,32,34,5731,5643,6061,5820,5589
8655,733,8735,9,13,14,21,25,5737,5650,6070,5825,5595
8654,734,8734,1,8,16,20,31,5739,5651,6077,5832,5608
8653,735,8733,4,5,16,23,27,5747,5662,6086,5836,5609
8652,736,8732,9,14,20,21,32,5750,5665,6095,5867,5614
8651,737,8731,4,8,26,28,36,5753,5670,6100,5876,5620
8650,738,8730,1,5,15,30,38,5759,5683,6101,5878,5626
8649,739,8729,3,7,11,14,38,5760,5684,6102,5883,5635
8648,740,8728,4,10,18,28,39,5767,5687,6103,5892,5639
8647,741,8727,8,23,34,35,36,5772,5688,6108,5911,5647
8646,742,8726,5,16,17,27,37,5774,5698,6113,5926,5649
8645,743,8725,2,13,19,24,38,5785,5705,6117,5932,5657
8644,744,8724,8,25,27,29,35,5787,5706,6123,5935,5663
8643,745,8723,13,16,21,24,35,5801,5708,6127,5940,5672
8642,746,8722,20,24,29,34,37,5803,5713,6137,5942,5681
8641,747,8721,1,18,27,29,37,5812,5718,6152,5954,5683
8640,748,8720,5,10,14,16,17,5837,5722,6163,5976,5685
8639,749,8719,1,10,15,21,36,5847,5737,6180,5980,5707
8638,750,8718,6,9,14,32,37,5863,5738,6195,5983,5716
8637,751,8717,6,7,26,29,37,5865,5756,6206,6000,5722
8636,752,8716,3,17,19,20,34,5876,5788,6217,6005,5732
8635,753,8715,24,25,26,30,39,5884,5789,6227,6028,5734
8634,754,8714,5,19,22,24,31,5888,5792,6229,6031,5738
8633,755,8713,4,9,12,15,21,5891,5795,6252,6037,5739
8632,756,8712,9,12,21,23,37,5894,5802,6256,6053,5740
8631,757,8711,2,4,20,28,30,5898,5808,6259,6061,5743
8630,758,8710,2,4,10,16,29,5911,5813,6264,6066,5752
8629,759,8709,6,19,20,27,38,5913,5824,6269,6067,5756
8628,760,8708,9,13,16,25,30,5914,5826,6272,6081,5774
8627,761,8707,5,25,29,37,39,5923,5829,6278,6083,5778
8626,762,8706,5,7,18,20,27,5927,5830,6281,6091,5779
8625,763,8705,2,12,31,35,38,5931,5856,6283,6097,5783
8624,764,8704,4,12,15,16,26,5934,5858,6294,6099,5794
8623,765,8703,4,7,24,38,39,5937,5862,6309,6100,5799
8622,766,8702,5,18,24,30,32,5938,5868,6310,6112,5808
8621,767,8701,1,10,16,17,28,5948,5869,6312,6117,5826
8620,768,8700,1,2,10,20,27,5959,5879,6334,6130,5834
8619,769,8699,3,6,14,16,17,5963,5889,6350,6139,5837
8618,770,8698,5,16,33,35,37,5968,5892,6356,6146,5850
8617,771,8697,1,5,12,13,19,5971,5896,6361,6158,5853
8616,772,8696,8,10,20,21,26,5982,5897,6380,6159,5867
8615,773,8695,6,9,29,32,35,5984,5899,6382,6166,5877
8614,774,8694,1,6,33,34,37,5988,5905,6384,6170,5884
8613,775,8693,2,15,21,23,36,5995,5908,6400,6173,5890
8612,776,8692,6,16,19,23,27,6006,5915,6401,6181,5898
8611,777,8691,2,15,20,24,37,6008,5918,6402,6184,5905
8610,778,8690,4,10,11,23,38,6023,5925,6429,6215,5911
8609,779,8689,6,18,23,29,36,6026,5926,6431,6216,5913
8608,780,8688,3,12,14,16,33,6040,5928,6433,6226,5917
8607,781,8687,1,23,25,38,39,6041,5942,6453,6228,5926
8606,782,8686,8,11,13,22,33,6053,5954,6455,6234,5927
8605,783,8685,3,5,17,35,37,6063,5966,6460,6244,5933
8604,784,8684,5,6,10,35,36,6064,5975,6471,6251,5942
8603,785,8683,4,5,14,24,33,6079,5979,6476,6253,5950
8602,786,8682,2,12,16,17,34,6082,5980,6488,6254,5952
8601,787,8681,23,27,28,32,37,6083,6008,6490,6264,5955
8600,788,8680,1,4,6,18,34,6087,6010,6504,6265,5967
8599,789,8679,3,15,28,30,32,6092,6018,6505,6296,5968
8598,790,8678,4,5,14,23,32,6093,6023,6512,6304,5972
8597,791,8677,9,16,21,34,35,6121,6027,6515,6316,6014
8596,792,8676,13,16,26,29,37,6124,6069,6519,6317,6021
8595,793,8675,10,13,15,17,23,6128,6073,6560,6318,6033
8594,794,8674,7,10,19,21,34,6155,6081,6575,6324,6042
8593,795,8673,6,19,33,34,37,6158,6084,6582,6328,6049
8592,796,8672,3,24,29,31,37,6179,6090,6584,6333,6052
8591,797,8671,4,5,6,10,36,6182,6091,6598,6346,6062
8590,798,8670,13,15,17,25,37,6200,6093,6600,6356,6066
8589,799,8669,17,18,25,28,30,6202,6097,6614,6376,6077
8588,800,8668,2,5,28,29,37,6233,6103,6641,6387,6085
8587,801,8667,18,23,27,35,36,6239,6107,6643,6393,6088
8586,802,8666,14,17,23,25,34,6240,6118,6650,6421,6090
8585,803,8665,4,12,24,34,37,6244,6134,6651,6424,6104
8584,804,8664,5,17,26,33,34,6265,6135,6664,6437,6110
8583,805,8663,12,14,20,24,31,6267,6140,6678,6458,6118
8582,806,8662,1,3,11,16,33,6278,6152,6693,6469,6124
8581,807,8661,8,21,22,30,39,6279,6157,6695,6475,6127
8580,808,8660,10,12,23,33,39,6280,6159,6696,6490,6131
8579,809,8659,8,20,26,28,30,6289,6162,6704,6499,6141
8578,810,8658,10,15,16,19,30,6293,6163,6706,6507,6157
8577,811,8657,3,4,6,23,24,6306,6171,6711,6523,6159
8576,812,8656,10,11,15,18,37,6307,6186,6727,6531,6160
8575,813,8655,4,16,17,18,19,6314,6188,6739,6549,6168
8574,814,8654,11,16,17,30,37,6317,6189,6740,6556,6169
8573,815,8653,4,5,6,22,30,6326,6194,6758,6563,6175
8572,816,8652,5,22,28,29,39,6329,6197,6768,6569,6178
8571,817,8651,10,12,24,28,33,6338,6224,6774,6571,6180
8570,818,8650,1,4,7,8,27,6342,6226,6787,6574,6189
8569,819,8649,2,10,15,16,22,6344,6234,6793,6581,6201
8568,820,8648,13,24,29,31,38,6348,6238,6797,6582,6206
8567,821,8647,17,19,24,29,38,6350,6253,6801,6589,6214
8566,822,8646,4,15,17,19,25,6361,6254,6808,6593,6216
8565,823,8645,5,13,17,18,35,6362,6264,6823,6607,6221
8564,824,8644,4,11,13,29,33,6364,6267,6826,6616,6222
8563,825,8643,10,11,12,18,38,6383,6273,6829,6647,6266
8562,826,8642,2,11,13,23,37,6393,6293,6830,6654,6269
8561,827,8641,3,5,13,14,25,6398,6296,6843,6657,6278
8560,828,8640,2,8,11,26,28,6427,6340,6851,6661,6287
8559,829,8639,2,23,24,34,36,6440,6348,6859,6663,6291
8558,830,8638,11,14,19,24,27,6461,6352,6864,6671,6294
8557,831,8637,1,21,23,25,29,6469,6357,6872,6673,6298
8556,832,8636,2,3,4,23,34,6478,6358,6873,6681,6320
8555,833,8635,19,21,22,24,36,6479,6360,6898,6688,6321
8554,834,8634,10,13,20,23,32,6483,6373,6900,6691,6326
8553,835,8633,3,17,21,26,32,6484,6376,6913,6695,6327
8552,836,8632,1,3,31,32,35,6486,6379,6927,6715,6333
8551,837,8631,14,15,19,20,27,6488,6401,6934,6716,6335
8550,838,8630,1,4,7,12,15,6497,6404,6935,6721,6338
8549,839,8629,2,14,17,28,33,6500,6405,6937,6728,6354
8548,840,8628,9,11,19,20,34,6503,6406,6950,6733,6363
8547,841,8627,12,25,34,36,37,6508,6408,6953,6735,6372
8546,842,8626,1,13,16,22,30,6509,6418,6954,6739,6380
8545,843,8625,16,28,35,36,39,6519,6420,6958,6743,6393
8544,844,8624,3,18,22,27,33,6531,6428,6977,6758,6396
8543,845,8623,14,20,25,31,33,6540,6430,7004,6761,6398
8542,846,8622,9,22,30,33,38,6561,6437,7016,6766,6399
8541,847,8621,12,16,19,22,35,6562,6439,7041,6772,6409
8540,848,8620,6,9,20,22,27,6571,6443,7043,6774,6413
8539,849,8619,10,11,22,25,32,6581,6462,7048,6780,6426
8538,850,8618,7,10,24,26,28,6588,6463,7058,6782,6427
8537,851,8617,6,20,26,28,33,6591,6468,7061,6792,6433
8536,852,8616,7,8,9,11,28,6595,6469,7066,6802,6435
8535,853,8615,5,10,12,17,26,6603,6477,7070,6805,6444
8534,854,8614,4,8,12,22,25,6608,6495,7074,6809,6447
8533,855,8613,5,9,19,35,37,6618,6501,7078,6813,6449
8532,856,8612,8,29,36,38,39,6619,6513,7086,6816,6458
8531,857,8611,7,18,19,20,29,6629,6522,7095,6820,6459
8530,858,8610,1,5,6,24,35,6635,6523,7098,6827,6477
8529,859,8609,5,9,19,34,36,6644,6525,7106,6829,6478
8528,860,8608,4,10,15,22,26,6645,6533,7110,6858,6486
8527,861,8607,6,8,12,21,28,6652,6545,7117,6863,6493
8526,862,8606,2,6,22,23,34,6661,6573,7136,6873,6494
8525,863,8605,1,9,18,25,30,6671,6576,7143,6886,6504
8524,864,8604,26,35,37,38,39,6679,6580,7145,6888,6510
8523,865,8603,4,12,30,34,38,6686,6592,7153,6896,6511
8522,866,8602,6,15,19,24,28,6687,6606,7161,6897,6515
8521,867,8601,2,3,15,21,27,6717,6625,7173,6903,6534
8520,868,8600,3,10,12,34,35,6722,6630,7178,6918,6538
8519,869,8599,1,12,14,35,39,6724,6633,7188,6922,6551
8518,870,8598,1,13,20,25,26,6736,6638,7198,6926,6559
8517,871,8597,3,14,24,26,30,6737,6643,7200,6928,6564
8516,872,8596,5,9,12,17,24,6739,6644,7201,6961,6570
8515,873,8595,11,12,14,17,23,6749,6649,7202,6962,6577
8514,874,8594,2,9,10,14,32,6750,6677,7207,6973,6582
8513,875,8593,6,13,14,16,18,6752,6701,7215,6976,6590
8512,876,8592,11,14,16,23,35,6753,6703,7217,6977,6597
8511,877,8591,14,16,26,30,33,6757,6707,7218,6979,6613
8510,878,8590,2,8,16,22,31,6764,6710,7225,6988,6645
8509,879,8589,11,13,15,21,36,6773,6720,7231,6989,6651
8508,880,8588,3,6,14,27,29,6783,6726,7236,6992,6653
8507,881,8587,2,4,5,33,37,6800,6728,7239,6998,6659
8506,882,8586,10,15,23,25,26,6814,6741,7244,6999,6662
8505,883,8585,10,30,34,37,39,6824,6754,7245,7003,6664
8504,884,8584,3,8,17,36,38,6840,6757,7252,7005,6667
8503,885,8583,4,8,9,19,31,6844,6758,7261,7007,6677
8502,886,8582,2,6,13,15,37,6849,6764,7275,7010,6690
8501,887,8581,3,22,26,28,33,6859,6766,7280,7015,6712
8500,888,8580,8,14,20,27,38,6868,6768,7288,7018,6717
8499,889,8579,12,29,34,38,39,6898,6774,7293,7033,6724
8498,890,8578,4,7,26,30,35,6920,6776,7302,7035,6729
8497,891,8577,2,14,16,20,27,6921,6788,7308,7045,6737
8496,892,8576,4,26,29,30,38,6922,6791,7331,7052,6746
8495,893,8575,2,7,8,15,31,6927,6796,7368,7058,6756
8494,894,8574,4,8,11,31,36,6933,6810,7372,7063,6769
8493,895,8573,1,8,12,14,17,6936,6816,7376,7070,6777
8492,896,8572,2,6,12,34,37,6937,6830,7387,7088,6790
8491,897,8571,3,4,22,27,33,6944,6831,7388,7089,6795
8490,898,8570,13,17,20,21,27,6945,6838,7389,7092,6802
8489,899,8569,11,27,30,37,39,6971,6839,7394,7102,6805
8488,900,8568,8,10,21,36,38,6975,6846,7398,7111,6806
8487,901,8567,11,30,31,37,39,6982,6864,7400,7114,6820
8486,902,8566,8,13,17,28,34,7002,6879,7407,7115,6825
8485,903,8565,1,13,18,29,37,7004,6881,7413,7117,6835
8484,904,8564,4,19,28,34,35,7013,6885,7415,7132,6836
8483,905,8563,4,18,29,30,37,7040,6891,7433,7161,6847
8482,906,8562,8,22,25,33,35,7041,6894,7443,7164,6850
8481,907,8561,11,15,20,31,32,7054,6896,7450,7179,6854
8480,908,8560,4,6,10,16,30,7071,6901,7463,7184,6863
8479,909,8559,2,11,16,23,27,7081,6904,7464,7192,6865
8478,910,8558,7,12,27,36,39,7095,6915,7465,7193,6870
8477,911,8557,1,3,20,21,34,7115,6916,7475,7197,6871
8476,912,8556,9,18,26,28,39,7125,6926,7476,7201,6876
8475,913,8555,1,6,10,29,33,7126,6933,7479,7207,6877
8474,914,8554,13,21,25,33,36,7154,6952,7484,7217,6878
8473,915,8553,8,11,25,33,37,7169,6954,7492,7224,6880
8472,916,8552,11,15,17,29,33,7171,6959,7493,7226,6883
8471,917,8551,7,12,13,19,25,7176,6963,7496,7240,6893
8470,918,8550,5,6,12,15,27,7178,6966,7509,7247,6912
8469,919,8549,1,5,14,19,26,7198,6987,7513,7249,6916
8468,920,8548,1,16,18,20,34,7207,7017,7529,7251,6923
8467,921,8547,4,6,23,32,38,7211,7029,7530,7260,6926
8466,922,8546,4,9,14,17,31,7214,7042,7543,7274,6927
8465,923,8545,1,3,13,21,26,7219,7045,7569,7277,6939
8464,924,8544,1,6,7,12,38,7228,7047,7578,7279,6945
8463,925,8543,6,9,28,31,36,7235,7048,7593,7292,6948
8462,926,8542,11,13,24,25,38,7240,7061,7603,7304,6955
8461,927,8541,12,15,27,29,37,7266,7067,7617,7306,6959
8460,928,8540,2,9,12,17,33,7277,7072,7619,7308,6970
8459,929,8539,11,18,32,38,39,7290,7083,7627,7321,6971
8458,930,8538,1,6,27,31,32,7297,7084,7638,7327,6976
8457,931,8537,1,3,18,23,29,7305,7087,7643,7329,6980
8456,932,8536,2,6,13,16,17,7315,7092,7664,7332,6982
8455,933,8535,3,15,21,22,25,7325,7108,7673,7350,6988
8454,934,8534,8,29,31,33,37,7328,7109,7679,7359,7000
8453,935,8533,1,12,23,24,32,7346,7110,7684,7360,7008
8452,936,8532,3,10,27,37,39,7362,7111,7685,7367,7009
8451,937,8531,1,4,8,19,25,7371,7118,7704,7393,7020
8450,938,8530,8,15,27,33,39,7381,7157,7706,7404,7030
8449,939,8529,2,9,10,31,39,7383,7160,7713,7412,7066
8448,940,8528,11,12,19,25,26,7384,7170,7714,7415,7067
8447,941,8527,1,10,12,28,35,7392,7175,7715,7418,7072
8446,942,8526,3,6,19,23,37,7404,7185,7727,7420,7076
8445,943,8525,5,10,30,36,37,7418,7186,7735,7429,7077
8444,944,8524,7,33,34,36,37,7436,7188,7736,7435,7087
8443,945,8523,1,6,11,22,28,7446,7189,7760,7437,7090
8442,946,8522,6,26,29,30,32,7454,7200,7761,7445,7094
8441,947,8521,8,17,27,36,37,7476,7207,7764,7461,7103
8440,948,8520,9,16,18,28,39,7503,7209,7780,7477,7108
8439,949,8519,5,7,12,26,35,7514,7210,7786,7483,7109
8438,950,8518,7,21,24,34,35,7520,7211,7827,7486,7114
8437,951,8517,14,25,32,34,38,7527,7213,7830,7488,7117
8436,952,8516,5,10,18,22,31,7532,7217,7832,7499,7136
8435,953,8515,3,10,14,21,34,7538,7231,7848,7503,7144
8434,954,8514,7,9,31,35,39,7547,7234,7849,7507,7151
8433,955,8513,7,11,15,18,33,7565,7250,7860,7515,7158
8432,956,8512,5,10,15,31,37,7569,7254,7863,7517,7160
8431,957,8511,5,7,22,30,33,7585,7257,7909,7540,7162
8430,958,8510,18,27,29,32,33,7586,7258,7918,7542,7166
8429,959,8509,4,10,13,29,39,7587,7263,7958,7543,7170
8428,960,8508,9,17,19,23,36,7595,7271,7960,7551,7196
8427,961,8507,10,16,18,26,33,7599,7298,7961,7554,7199
8426,962,8506,16,17,20,27,35,7603,7300,7975,7567,7203
8425,963,8505,1,3,12,17,19,7617,7305,7981,7582,7204
8424,964,8504,1,4,11,26,27,7634,7311,7982,7592,7205
8423,965,8503,8,13,15,17,27,7639,7312,8003,7593,7209
8422,966,8502,1,4,17,19,25,7640,7313,8009,7609,7234
8421,967,8501,2,3,10,22,23,7642,7328,8017,7615,7239
8420,968,8500,6,17,29,32,34,7647,7332,8022,7634,7253
8419,969,8499,1,6,14,29,34,7652,7345,8026,7640,7267
8418,970,8498,15,25,31,38,39,7667,7347,8044,7642,7279
8417,971,8497,1,2,13,28,29,7670,7368,8070,7645,7280
8416,972,8496,6,8,17,20,25,7679,7371,8074,7656,7287
8415,973,8495,1,7,11,31,37,7686,7372,8075,7678,7291
8414,974,8494,17,22,23,29,36,7689,7380,8082,7679,7324
8413,975,8493,2,3,8,26,35,7691,7395,8090,7681,7337
8412,976,8492,6,15,20,22,34,7692,7403,8091,7687,7340
8411,977,8491,2,8,21,37,38,7698,7406,8100,7690,7343
8410,978,8490,16,18,21,27,34,7699,7416,8113,7691,7345
8409,979,8489,16,17,20,21,32,7702,7428,8117,7694,7346
8408,980,8488,1,7,23,37,38,7707,7439,8141,7698,7364
8407,981,8487,14,15,31,35,39,7711,7452,8142,7699,7365
8406,982,8486,1,4,9,20,39,7725,7470,8153,7723,7382
8405,983,8485,9,14,19,21,33,7746,7481,8158,7737,7385
8404,984,8484,3,6,8,12,33,7747,7489,8164,7738,7388
8403,985,8483,2,4,11,18,31,7753,7495,8169,7750,7391
8402,986,8482,6,17,27,30,34,7757,7502,8172,7763,7404
8401,987,8481,3,6,29,32,37,7761,7506,8173,7771,7406
8400,988,8480,3,15,17,26,29,7765,7512,8183,7787,7408
8399,989,8479,15,16,22,26,39,7774,7513,8187,7789,7422
8398,990,8478,8,21,25,30,38,7776,7517,8197,7790,7427
8397,991,8477,1,24,27,30,35,7778,7524,8201,7800,7428
8396,992,8476,8,12,17,29,33,7784,7529,8205,7802,7431
8395,993,8475,13,17,22,23,26,7790,7531,8208,7809,7464
8394,994,8474,3,11,12,21,28,7791,7542,8220,7820,7474
8393,995,8473,3,11,15,21,28,7798,7548,8230,7840,7485
8392,996,8472,3,8,10,18,31,7800,7549,8254,7841,7494
8391,997,8471,17,18,24,33,35,7814,7550,8270,7843,7501
8390,998,8470,2,11,24,26,34,7815,7552,8271,7852,7511
8389,999,8469,7,13,15,19,33,7817,7554,8275,7856,7520
8388,1000,8468,4,14,16,18,33,7836,7555,8292,7861,7533
8387,1001,8467,11,16,17,30,38,7841,7556,8309,7880,7537
8386,1002,8466,6,9,16,38,39,7844,7560,8345,7884,7539
8385,1003,8465,1,9,13,18,39,7846,7562,8382,7885,7561
8384,1004,8464,13,17,19,26,38,7853,7563,8391,7888,7568
8383,1005,8463,2,10,25,36,39,7857,7564,8403,7890,7572
8382,1006,8462,5,14,27,31,37,7867,7581,8408,7893,7580
8381,1007,8461,11,13,20,27,35,7879,7583,8416,7900,7583
8380,1008,8460,9,14,29,37,39,7883,7587,8420,7909,7587
8379,1009,8459,5,9,12,18,27,7891,7594,8421,7934,7591
8378,1010,8458,1,12,16,27,33,7898,7595,8428,7938,7612
8377,1011,8457,8,27,32,35,38,7918,7630,8436,7944,7626
8376,1012,8456,12,22,27,35,37,7927,7643,8440,7953,7631
8375,1013,8455,12,15,17,26,29,7929,7669,8444,7955,7657
8374,1014,8454,2,13,23,32,37,7949,7686,8454,7964,7661
8373,1015,8453,3,7,10,15,22,7951,7691,8465,7977,7666
8372,1016,8452,13,18,24,32,37,7952,7696,8467,7979,7667
8371,1017,8451,2,4,6,16,19,7963,7703,8476,7987,7670
8370,1018,8450,8,12,17,21,31,7967,7722,8482,8017,7681
8369,1019,8449,5,16,21,31,32,7985,7730,8483,8019,7692
8368,1020,8448,6,14,17,26,27,7989,7734,8502,8022,7702
8367,1021,8447,3,9,24,29,34,7993,7749,8510,8056,7716
8366,1022,8446,21,34,35,37,39,7996,7751,8514,8068,7718
8365,1023,8445,7,9,11,31,33,8011,7764,8520,8069,7724
8364,1024,8444,5,14,18,19,25,8016,7786,8524,8071,7727
8363,1025,8443,11,16,18,19,23,8021,7791,8527,8072,7734
8362,1026,8442,3,14,17,19,38,8046,7814,8537,8073,7735
8361,1027,8441,2,5,6,19,39,8052,7845,8547,8080,7757
8360,1028,8440,7,11,21,23,37,8060,7859,8548,8083,7759
8359,1029,8439,2,6,9,12,31,8062,7863,8556,8094,7763
8358,1030,8438,1,11,28,30,32,8064,7869,8561,8097,7781
8357,1031,8437,6,12,16,29,38,8094,7885,8563,8102,7799
8356,1032,8436,10,13,17,25,28,8095,7888,8582,8113,7821
8355,1033,8435,3,5,13,15,19,8096,7889,8585,8119,7823
8354,1034,8434,1,9,12,30,32,8105,7892,8588,8120,7828
8353,1035,8433,2,13,26,28,35,8114,7910,8589,8125,7831
8352,1036,8432,3,8,29,33,34,8117,7911,8597,8129,7834
8351,1037,8431,7,14,29,31,32,8119,7912,8601,8133,7843
8350,1038,8430,3,19,22,23,26,8127,7913,8602,8151,7866
8349,1039,8429,1,3,4,11,15,8144,7919,8614,8153,7874
8348,1040,8428,7,16,20,23,25,8154,7924,8640,8172,7884
8347,1041,8427,8,10,15,16,37,8156,7940,8643,8184,7895
8346,1042,8426,2,9,18,24,31,8159,7946,8647,8202,7906
8345,1043,8425,1,3,14,25,36,8162,7966,8652,8206,7910
8344,1044,8424,5,21,24,34,39,8165,7992,8664,8215,7925
8343,1045,8423,4,6,28,36,39,8166,8004,8667,8217,7942
8342,1046,8422,16,23,30,31,34,8168,8011,8672,8226,7949
8341,1047,8421,6,9,20,27,39,8170,8012,8673,8246,7954
8340,1048,8420,17,20,21,26,36,8172,8032,8678,8263,7968
8339,1049,8419,3,5,20,31,33,8178,8033,8680,8265,7972
8338,1050,8418,21,25,26,32,33,8191,8035,8683,8277,7974
8337,1051,8417,7,13,15,20,34,8197,8037,8705,8279,7982
8336,1052,8416,1,22,23,28,31,8205,8043,8707,8284,7985
8335,1053,8415,2,7,23,34,37,8208,8047,8720,8298,7987
8334,1054,8414,2,11,21,23,25,8215,8053,8721,8311,8009
8333,1055,8413,13,17,21,28,31,8216,8054,8724,8333,8013
8332,1056,8412,2,19,23,32,33,8221,8055,8726,8341,8017
8331,1057,8411,5,18,28,31,38,8223,8076,8729,8344,8022
8330,1058,8410,8,23,24,32,39,8225,8077,8739,8346,8024
8329,1059,8409,4,15,21,22,26,8243,8080,8746,8351,8025
8328,1060,8408,2,17,23,30,31,8249,8088,8751,8352,8033
8327,1061,8407,6,8,19,25,34,8253,8092,8753,8377,8043
8326,1062,8406,3,21,26,30,35,8283,8105,8756,8386,8050
8325,1063,8405,5,19,24,30,33,8286,8112,8759,8406,8055
8324,1064,8404,15,20,21,25,34,8294,8118,8760,8417,8065
8323,1065,8403,1,14,30,32,34,8319,8120,8779,8431,8066
8322,1066,8402,1,2,25,28,39,8332,8123,8784,8432,8078
8321,1067,8401,11,23,31,34,37,8334,8125,8787,8437,8090
8320,1068,8400,9,17,25,27,38,8339,8135,8792,8446,8098
8319,1069,8399,9,17,19,24,39,8340,8138,8795,8451,8104
8318,1070,8398,5,12,15,27,32,8343,8139,8800,8463,8109
8317,1071,8397,8,15,25,29,30,8346,8151,8802,8471,8124
8316,1072,8396,16,17,21,27,29,8347,8175,8812,8484,8135
8315,1073,8395,14,26,32,33,38,8349,8181,8814,8490,8139
8314,1074,8394,9,10,15,19,38,8350,8182,8828,8491,8140
8313,1075,8393,3,7,15,24,39,8352,8188,8835,8502,8141
8312,1076,8392,4,6,16,17,25,8355,8204,8845,8515,8142
8311,1077,8391,11,18,19,21,34,8357,8205,8848,8524,8144
8310,1078,8390,1,2,9,24,34,8358,8216,8855,8536,8151
8309,1079,8389,11,22,29,33,35,8374,8221,8873,8541,8156
8308,1080,8388,1,6,9,25,27,8378,8223,8874,8560,8165
8307,1081,8387,3,17,22,32,39,8388,8236,8883,8562,8194
8306,1082,8386,11,12,13,21,24,8389,8245,8893,8563,8195
8305,1083,8385,12,20,27,31,38,8392,8255,8900,8564,8197
8304,1084,8384,6,14,27,33,36,8393,8260,8910,8566,8199
8303,1085,8383,1,7,8,35,37,8394,8278,8914,8578,8202
8302,1086,8382,6,13,14,22,36,8398,8287,8915,8583,8212
8301,1087,8381,5,13,16,25,32,8419,8288,8926,8587,8213
8300,1088,8380,11,25,29,31,33,8428,8296,8927,8598,8227
8299,1089,8379,12,15,18,22,33,8445,8302,8945,8615,8243
8298,1090,8378,6,15,16,18,22,8447,8306,8969,8621,8251
8297,1091,8377,2,6,10,15,28,8449,8307,8981,8627,8259
8296,1092,8376,6,19,22,25,31,8461,8312,8994,8637,8270
8295,1093,8375,5,8,14,26,28,8467,8316,8995,8643,8271
8294,1094,8374,2,3,13,22,29,8477,8319,8997,8646,8274
8293,1095,8373,3,7,13,24,26,8480,8321,8999,8648,8279
8292,1096,8372,13,15,19,22,35,8489,8326,9012,8661,8310
8291,1097,8371,2,19,30,31,39,8501,8331,9015,8672,8315
8290,1098,8370,1,7,18,21,25,8502,8348,9017,8678,8323
8289,1099,8369,8,9,22,26,27,8506,8379,9018,8681,8334
8288,1100,8368,1,4,13,14,19,8522,8390,9019,8714,8349
8287,1101,8367,12,14,21,24,36,8525,8393,9023,8717,8353
8286,1102,8366,10,18,24,31,38,8528,8396,9026,8718,8358
8285,1103,8365,14,19,26,31,33,8535,8400,9034,8720,8363
8284,1104,8364,3,15,20,22,23,8547,8403,9036,8721,8370
8283,1105,8363,1,5,12,27,36,8549,8413,9042,8736,8385
8282,1106,8362,2,7,8,21,39,8550,8417,9047,8746,8392
8281,1107,8361,2,5,8,19,27,8559,8445,9060,8752,8402
8280,1108,8360,3,7,10,25,30,8564,8447,9076,8760,8403
8279,1109,8359,1,4,8,11,39,8565,8460,9091,8770,8414
8278,1110,8358,9,11,13,14,16,8573,8466,9100,8775,8415
8277,1111,8357,8,18,23,24,36,8582,8468,9108,8782,8421
8276,1112,8356,2,5,15,17,30,8583,8484,9113,8792,8429
8275,1113,8355,3,10,21,29,33,8594,8488,9118,8798,8431
8274,1114,8354,2,17,19,26,30,8604,8489,9119,8805,8456
8273,1115,8353,5,7,9,13,17,8612,8492,9123,8811,8457
8272,1116,8352,16,17,21,37,38,8620,8508,9140,8813,8460
8271,1117,8351,3,17,20,24,37,8622,8514,9144,8822,8478
8270,1118,8350,1,6,12,29,39,8625,8516,9158,8824,8479
8269,1119,8349,3,8,26,30,35,8631,8518,9185,8828,8480
8268,1120,8348,5,10,20,23,36,8638,8526,9186,8831,8493
8267,1121,8347,6,7,16,20,26,8642,8530,9192,8836,8500
8266,1122,8346,11,12,16,20,28,8644,8533,9194,8839,8509
8265,1123,8345,9,17,20,30,31,8652,8538,9195,8841,8511
8264,1124,8344,1,2,21,26,34,8667,8549,9197,8854,8519
8263,1125,8343,7,12,13,29,37,8683,8572,9201,8858,8521
8262,1126,8342,4,9,13,29,34,8689,8573,9205,8859,8525
8261,1127,8341,4,17,25,28,30,8698,8575,9211,8862,8529
8260,1128,8340,8,13,19,22,24,8726,8591,9237,8866,8535
8259,1129,8339,1,17,20,21,33,8733,8594,9244,8889,8552
8258,1130,8338,3,8,27,28,29,8747,8610,9249,8893,8555
8257,1131,8337,3,11,14,18,26,8754,8617,9258,8895,8558
8256,1132,8336,2,13,15,18,22,8755,8624,9261,8898,8578
8255,1133,8335,1,9,14,22,28,8761,8628,9263,8923,8580
8254,1134,8334,9,12,21,32,39,8764,8629,9264,8940,8586
8253,1135,8333,4,17,19,21,22,8767,8635,9270,8941,8587
8252,1136,8332,4,16,18,23,33,8773,8638,9275,8954,8588
8251,1137,8331,3,4,5,7,20,8787,8639,9294,8959,8589
8250,1138,8330,8,9,13,22,29,8793,8641,9300,8963,8591
8249,1139,8329,10,15,21,27,29,8829,8645,9301,8978,8593
8248,1140,8328,7,8,18,27,32,8839,8646,9306,8985,8602
8247,1141,8327,3,16,19,22,35,8844,8651,9308,9022,8611
8246,1142,8326,7,11,19,20,29,8856,8657,9310,9034,8612
8245,1143,8325,12,14,22,28,31,8864,8659,9311,9054,8619
8244,1144,8324,3,4,16,18,26,8871,8660,9345,9056,8650
8243,1145,8323,15,16,30,33,35,8886,8663,9350,9058,8651
8242,1146,8322,3,8,23,28,34,8921,8695,9354,9074,8653
8241,1147,8321,1,2,13,20,23,8925,8709,9364,9081,8654
8240,1148,8320,2,13,14,23,37,8929,8715,9365,9090,8657
8239,1149,8319,10,15,19,26,27,8931,8725,9366,9093,8666
8238,1150,8318,12,13,17,18,31,8946,8734,9368,9094,8671
8237,1151,8317,4,5,18,24,32,8949,8765,9378,9103,8677
